[
  { "id": 10101, "city_id": 101, "name_ar": "زهراء مدينة نصر", "name_en": "Zahraa Nasr City" },
  { "id": 10102, "city_id": 101, "name_ar": "الحي العاشر", "name_en": "10th District" },
  { "id": 10103, "city_id": 101, "name_ar": "المنطقة الأولى", "name_en": "First Zone" },

  { "id": 10201, "city_id": 102, "name_ar": "سراي القبة", "name_en": "Saray El Qobba" },
  { "id": 10202, "city_id": 102, "name_ar": "زينهم", "name_en": "Zein El Hekr" },

  { "id": 10301, "city_id": 103, "name_ar": "النرجس", "name_en": "El Narges" },
  { "id": 10302, "city_id": 103, "name_ar": "اللوتس", "name_en": "El Lotus" },
  { "id": 10303, "city_id": 103, "name_ar": "المستثمرين", "name_en": "Al Mostakbal" },

  { "id": 10401, "city_id": 104, "name_ar": "زهراء المعادي", "name_en": "Zahraa Maadi" },
  { "id": 10402, "city_id": 104, "name_ar": "المعادي القديمة", "name_en": "Old Maadi" },

  { "id": 10501, "city_id": 105, "name_ar": "المقطم", "name_en": "Mokattam" },

  { "id": 10601, "city_id": 106, "name_ar": "شبرا", "name_en": "Shobra" },
  { "id": 10602, "city_id": 106, "name_ar": "كفر شكر", "name_en": "Kafr Shokr" },

  { "id": 20101, "city_id": 201, "name_ar": "الهرم", "name_en": "Haram" },
  { "id": 20102, "city_id": 201, "name_ar": "منشأة ناصر", "name_en": "Mansheyet Nasser" },

  { "id": 20201, "city_id": 202, "name_ar": "الدقي", "name_en": "Dokki" },

  { "id": 20301, "city_id": 203, "name_ar": "المهندسين", "name_en": "Mohandessin" },

  { "id": 20401, "city_id": 204, "name_ar": "الحي الأول", "name_en": "First District" },
  { "id": 20402, "city_id": 204, "name_ar": "الحي السابع", "name_en": "Seventh District" },
  { "id": 20403, "city_id": 204, "name_ar": "الشيخ زايد (جزء)", "name_en": "Sheikh Zayed Area" },

  { "id": 20501, "city_id": 205, "name_ar": "الشيخ زايد", "name_en": "Sheikh Zayed" },

  { "id": 30101, "city_id": 301, "name_ar": "سموحة", "name_en": "Smouha" },
  { "id": 30102, "city_id": 301, "name_ar": "سموحة الجديدة", "name_en": "New Smouha" },

  { "id": 30201, "city_id": 302, "name_ar": "محرم بك", "name_en": "Moharram Bek" },

  { "id": 30301, "city_id": 303, "name_ar": "العجمي", "name_en": "El Agamy" },

  { "id": 30401, "city_id": 304, "name_ar": "المنتزه", "name_en": "El Montaza" },

  { "id": 40101, "city_id": 401, "name_ar": "المنصورة المدينة", "name_en": "Mansoura City" },
  { "id": 40102, "city_id": 401, "name_ar": "المنصورة الجديدة", "name_en": "New Mansoura" },

  { "id": 40201, "city_id": 402, "name_ar": "طلخا", "name_en": "Talkha" },

  { "id": 40301, "city_id": 403, "name_ar": "دكرنس", "name_en": "Dekernes" },

  { "id": 50101, "city_id": 501, "name_ar": "حي أول الزقازيق", "name_en": "Zagazig 1st" },
  { "id": 50102, "city_id": 501, "name_ar": "حي ثان الزقازيق", "name_en": "Zagazig 2nd" },

  { "id": 50201, "city_id": 502, "name_ar": "الحي التجاري", "name_en": "Commercial District" },

  { "id": 60101, "city_id": 601, "name_ar": "الجونة", "name_en": "El Gouna" },
  { "id": 60102, "city_id": 601, "name_ar": "وسط المدينة", "name_en": "City Center" },

  { "id": 60201, "city_id": 602, "name_ar": "مرسى علم", "name_en": "Marsa Alam" },

  { "id": 60301, "city_id": 603, "name_ar": "سفاجا", "name_en": "Safaga" },

  { "id": 70101, "city_id": 701, "name_ar": "خليج نعمة", "name_en": "Naama Bay" },
  { "id": 70102, "city_id": 701, "name_ar": "هضبة أم السيد", "name_en": "Umm Sid Hill" },
  { "id": 70103, "city_id": 701, "name_ar": "الرويسات", "name_en": "Ras Um Sid" },

  { "id": 70201, "city_id": 702, "name_ar": "دهب البلدة", "name_en": "Dahab Town" },

  { "id": 70301, "city_id": 703, "name_ar": "نويبع", "name_en": "Nuweiba" },

  { "id": 80101, "city_id": 801, "name_ar": "طنطا", "name_en": "Tanta" },

  { "id": 80201, "city_id": 802, "name_ar": "المحلة", "name_en": "El Mahalla" },

  { "id": 90101, "city_id": 901, "name_ar": "دسوق", "name_en": "Desouk" },

  { "id": 100101, "city_id": 1001, "name_ar": "شبين الكوم", "name_en": "Shebin El Kom" },

  { "id": 110101, "city_id": 1101, "name_ar": "دمياط", "name_en": "Damietta City" },

  { "id": 120101, "city_id": 1201, "name_ar": "بورسعيد", "name_en": "Port Said City" },

  { "id": 130201, "city_id": 1302, "name_ar": "فايد", "name_en": "Fayed" },

  { "id": 140101, "city_id": 1401, "name_ar": "الميناء", "name_en": "Port Area" },

  { "id": 150101, "city_id": 1501, "name_ar": "مدينة الفيوم", "name_en": "Fayoum City" },

  { "id": 160101, "city_id": 1601, "name_ar": "بني سويف", "name_en": "Beni Suef City" },

  { "id": 170101, "city_id": 1701, "name_ar": "المنيا المدينة", "name_en": "Minya City" },

  { "id": 180101, "city_id": 1801, "name_ar": "أسيوط", "name_en": "Assiut City" },

  { "id": 190101, "city_id": 1901, "name_ar": "سوهاج", "name_en": "Sohag City" },

  { "id": 200101, "city_id": 2001, "name_ar": "قنا", "name_en": "Qena City" },

  { "id": 210101, "city_id": 2101, "name_ar": "الأقصر", "name_en": "Luxor City" },

  { "id": 220101, "city_id": 2201, "name_ar": "أسوان", "name_en": "Aswan City" },

  { "id": 230101, "city_id": 2301, "name_ar": "الخارجة", "name_en": "Al Kharga" },

  { "id": 240101, "city_id": 2401, "name_ar": "مرسى مطروح", "name_en": "Mersa Matruh" },

  { "id": 250101, "city_id": 2501, "name_ar": "العريش", "name_en": "Al Arish" },

  { "id": 260101, "city_id": 2601, "name_ar": "بنها", "name_en": "Banha" },

  { "id": 270101, "city_id": 2701, "name_ar": "دمنهور", "name_en": "Damanhour" }
]
